Watch the Big Football Games: on your PC or laptop with a simple mouse click!LIVE Watch Live Football, Sports, Movies and News: Free on your PC. Free TV! Watch live football games, soccer,
tennis, Formula 1, Boxing, Golf, Rugby whatever your sport, we've got it all, LIVE! You can also watch several Movies each day, children program (Cartoons) and the News. Games:Galatasaray
v Bayer, Benfica v Braga, Bordeaux v PSG, Porto v TrofenseManchester United v Chelsea,Mallorca v Real Madrid, Espanyol v Almeria,Roma v AC Milan,Osasuna v Barcelona, Other Sports:Fight
Club/Tennis: WTA Australia (Auckland), ATP Australia (Brisbane and Auckland)/Golf: Royal Trophy , Joburg Open, Mercedes-Benz Championship Monday, 12 January 2009: Dons v Colchester,
Chelsea Reserve v Fulham Reserve, Tennis: ATP Sydney, ATP Auckland, Tuesday, 13 January 2009: St Johnstone v Rangers, Bristol v Portsmouth, Vannes v Metz, Nice v Havre, Inter Milan v
Genoa, Wednesday, 14 January 2009: Manchester United v Wigan, Southend v Chelsea, Barcelona v Atletico Madrid, Roma v Sampdoria, Bordeaux v Chateauroux, Valencia v Santander, Benfica
v Olhanense, Rio Ave v Sporting, Juventus v Catania, PSG v Lens, Thursday, 15 January 2009: Torquay v Wrexham, Bilbao v Osasuna, Golf: Abu Dhabi Golf Championship, Sony Open in Hawaii,
Friday, 16 January 2009: Heerenveen v Feyenoord, Saturday, 17 January 2009: Blackburn v Newcastle, Bolton v Manchester United, Chelsea v Stoke City, Manchester City v Wigan, Sunderland
v Aston Villa, West Brom v Middlesbrough, Hull City v Arsenal, Grenoble v Lyon, Lorient v Valenciennes, Marseille v Le Havre, Nice v Auxerre, St Etienne v Le Mans, Toulouse v Nancy, Nantes v
Bordeaux, Graafschap v Willem, Den Haag v Heracles, Twente v Vitesse, NAC v Utrecht, Milan v Fiorentina, Siena v Reggina, Hamilton v Inverness, Hibernian v St Mirren, Kilmamock v Hearts,
Rangers v Falkirk, Sunday, 18 January 2009: West Ham v Fulham, Tottenham v Portsmouth, Caen v Monaco, PSG v Sochaux, Lille v Rennes, Roda v PSV, Volendam v AZ, NEC v Ajax, Sparta v
Groningen, Atalanta v Inter Milan, Cagliari v Udinese, Chievo v Napoli, Lecce v Genoa, Sampdoria v Palermo, Torino v Roma, Catania v Bologna, Lazio v Juventus, Academica v Guimaraes,
Amadora v Rio Ave, Belenenses v Benfica, Braga v Porto, Maritimo v Leixoes, Nacional v Sporting, Trofense v Pacos Ferreira, Vitoria Setubal v Naval, Almeria v Atletico Madrid, Athletic Bilbao v
Valencia, Barcelona v Deportivo, Getafe v Racing, Malaga v Espanyol, Real Madrid v Osasuna, Recreativo v Sporting, Sevilla v Numancia, Valladolid v Real Betis, Villarreal v Mallorca, Aberdeen v
Celtic, Dundee v Motherwell, Monday, 19 January 2009: Sunderland v Fulham, West Brom v Manchester United, Wigan v Liverpool, Blackburn v Bolton, Everton v Arsenal, Wednesday, 11
February 2009: Ireland v Georgia, San Marino v Norther Ireland, Spain v England; Rugby, Tennis: 2009 Australian Open (Brisbane)Coming Games (Fixtures): Rugby: Thursday, 15 January
2009: Montpellier v Northampton, Friday, 16 January 2009: (Heineken Cup) Edinburgh v Castres, Clermont Auvergne v Montauban, Munster v Sale, Saturday, 17 January 2009: Calvisano v
Biarritz, Toulouse v Glasgow, Ulster v Harlequins, Wasps v Leinster, London Irish v Connacht, Sunday, 18 January 2009: Newport v Bath, Gloucester v Cardiff Blues, Scarlets v Stade Francais,
Friday, 23 January 2009: Biarritz v Gloucester, Cardiff Blues v Calvisano, Saturday, 24 January 2009: Harlequins v Scarlets, Stade Francais v Ulster, Montauban v Munster, Sale v Clermont,
Treviso v Perpignan, Northampton v Toulon, Sunday, 25 January 2009: Castres v Wasps, Leinster v Edinburgh, Bath v Toulouse, Glasgow v Newport, Saturday, 31 January 2009: Gloucester v
London Irish, Harlequins v Northampton, Saturday, 07 February 2009: (Six Nations Rugby) England v Italy, Ireland v France, Sunday, 08 February 2009: (Six Nations Rugby) Scotland v Wales,
Saturday, 14 February 2009: (Six Nations Rugby) France v Scotland, Wales v England, Sunday, 15 February 2009: (Six Nations Rugby) Italy v Ireland, Friday, 27 February 2009: (Six Nations
Rugby) France v Wales, Saturday, 28 February 2009: (Six Nations Rugby) Scotland v Italy, Ireland v England, Saturday, 21 March 2009: (Six Nations Rugby) England v Scotland, Italy v France
Wales v Ireland, ChampCar; Nascar/ IndyCar/ ChampCar; Fi Grand Prix, Formula 1 2009 schedules: 29 March 2009: Australia, Melbourne, Albert Park, 5 April: Malaysia, Sepang, 19 April:
China, Shanghai, 26 April: Bahrain, Manama, 10 May Spain, Barcelona, 24 May: Monaco, Monte Carlo, 7 June : Turkey, Istanbul, 21 June: Great Britain, Silverstone, 12 July: Germany,
Nurburgring , 26 July: Hungary, Budapest, 23 August: Spain, Valencia, 30 August: Belgium, Spa-Francorchamps, 13 September: Italy, Monza, 27 September: Singapore, 4 October: Japan,
Suzuka, 18 October: Brazil, Interlagos, 1 November : Abu Dhabi; Copa Del Ray, Italian Tim Cup. Rugby (Six Nations) Fixtures. Saturday, 09 February 2008: France v Ireland, Wales v Scotland,
Sunday, 10 February 2008: Italy v England, Saturday, 23 February 2008: France v England, Ireland v Scotland, Wales v Italy, Saturday, 08 March 2008: Ireland v Wales, Scotland v England,
Sunday, 09 March 2008: France v Italy, Saturday, 15 March 2008: England v Ireland, Italy v Scotland, Wales v France; AFC Asian Champions League, Tennis: Shanghai Open; Copa Libertadores
Please note: Fixtures above have been computed by us based on foreign newspapers publications. Fixtures are subject to change or maybe corrected. We are not responsible for any
corrections or changes as the above are only indications ~* This service is not an ebook! But Your immediate access to a members area, getting updated several times per day!MAC Users,
please read first our FAQ Page! LIVE Football News: Premiership LIVE Football News: Champions League LIVE Football News: UEFA Cup Premiership Live Football Feeds, Free Live Football
Streams from around the World and European Football games including: Premiership and Championship live football. Champions League Football You won't believe how inexpensive this service
is, for just 3.85, YES for just 3.85 download your favorite event LIVE, in the comfort of your own PC or laptop (The additional software if required, is given to you for free). This service is not
a cheap, outdated ebook! You dont want to miss this unique opportunity! You dont want to miss this unique opportunity! 3.85 Limited Special Offer 19.95 Tired of missing the Big Games
because your cable company doesnt carry it? Are you a sports fan who wants LIVE coverage daily? With this offer you're likely to be satisfied by the large range of events/games. Stop paying
for high-priced cable or digibox! Watch LIVE Championship Games and European football (Premiership Live Football Feeds, Free Live Football Streams from around the World and European
Football games including: Premiership live football, Champions League Football, Football World Cup Germany 2006. Even the games that are not shown elsewhere). Get quality picture and
sound with broadband intemet connection TODAY You will NOW be able to watch the 3pm Premiership Matches that are NOT shown on Sky, Cable, Satellite or Local TV!! As well as the
Weekend Events, Monday Night Games & Championship League Matches ! Live Broadcasts open in Windows Media Player or Real Player ! You never pay to access, its completely free! Your
Access Information is Given To You INSTANTLY 19.95ONLY 19.953.85Limited Special Offer What our customers say about us "I'm pleasantly surprised. It didnt take long before I was
watching a great game, thanks! Kevin Wright "For a sports fan like me, the channel works like a charm. Drew Barker Paypal Language: "Thank you very very much, I can now watch my
favorite games everywhere I go - even work! Glenn Miller MEMBERS AREA: HERE PREMIERSHIP TEAMS (ENGLAND) Arsenal, Aston Villa, Blackbum, Bolton Wanderers, Chelsea, Derby
County, Everton, Fulham, Hull City, Liverpool, Manchester City, Manchester United, Middlesbrough, Newcastle, Portsmouth, Stoke City, Sunderland, Tottenham Hotspur, West Bromwich, West
Ham, Wigan Athletic Saturday, 10 January 2009: Aston Villa v West Brom, Arsenal v Bolton, Everton v Hull City, Fulham v Blackbum, Middlesbrough v Sunderland, Newcastle v West Ham,
Portsmouth v Manchester City, Stoke City v Liverpool, Sunday, 11 January 2009: Wigan v Tottenham, Manchester United v Chelsea, Wednesday, 14 January 2009: Manchester United v Wigan,
Saturday, 17 January 2009: Blackbur v Newcastle, Bolton v Manchester United, Chelsea v Stoke City, Manchester City v Wigan, Sunderland v Aston Villa, West Brom v Middlesbrough, Hull City
v Arsenal, Sunday, 18 January 2009: West Ham v Fulham, Tottenham v Portsmouth, Monday, 19 January 2009: Sunderland v Fulham, West Brom v Manchester United, Wigan v Liverpool,
Blackburn v Bolton, Everton v Arsenal, Saturday, 31 January 2009 : Stoke City v Manchester City, Arsenal v West Ham, Aston Villa v Wigan, Bolton v Tottenham, Fulham v Portsmouth, Hull City
v West Brom, Middlesbrough v Blackbum, Sunday, 1 February 2009: Newcastle v Sunderland, Liverpool v Chelsea, Monday, 2 February 2009: Manchester United v Everton, Saturday, 7
February 2009: Manchester City v Middlesbrough, Blackbur v Aston Villa, Chelsea v Hull City, Everton v Bolton, Sunderland v Stoke City, West Brom v Newcastle, Wigan v Fulham, Portsmouth
v Liverpool, Sunday, 8 February 2009: Tottenham v Arsenal, West Ham v Manchester United, Tuesday, 17 February 2009: Manchester United v Fulham, Saturday, 21 February 2009: Aston Villa
v Chelsea, Arsenal v Sunderland, Bolton v West Ham, Liverpool v Manchester City, Middlesbrough v Wigan, Newcastle v Everton, Stoke City v Portsmouth, Manchester United v Blackburn,
Sunday, 22 February 2009: Fulham v West Brom, Monday, 23 February 2009: Hull City v Tottenham, Saturday, 28 February 2009: Everton v West Brom, Arsenal v Fulham, Aston Villa v Stoke
City, Chelsea v Wigan, Hull City v Blackburn, Manchester United v Portsmouth, Middlesbrough v Liverpool, Sunderland v Tottenham, West Ham v Manchester City, Sunday, 1 March 2009
Bolton v Newcastle, Tuesday, 3 March 2009: Portsmouth v Chelsea, West Brom v Arsenal, Wigan v West Ham, Tottenham v Middlesbrough, Wednesday, 4 March 2009: Manchester City v Aston
Villa, Newcastle v Manchester United, Stoke City v Bolton, Blackburn v Everton, Fulham v Hull City, Liverpool v Sunderland, Saturday, 16 August 2008: Arsenal v West Bromwich, Bolton v Stoke
City, Everton v Blackburn, Hull City v Fulham, Middlesbrough v Tottenham Hotspur, West Ham v Wigan Athletic, Sunderland v Liverpool; Sunday, 17 August 2008: Chelsea v Portsmouth, Aston
Villa v Manchester City, Manchester United v Newcastle, Aston Villa v Manchester City; Saturday, 23 August 2008: Blackburn v Hull City, Liverpool v Middlesbrough, Newcastle v Bolton, Stoke
City v Aston Villa, Tottenham Hotspur v Sunderland, West Bromwich v Everton, Fulham v Arsenal; Sunday, 24 August 2008: Wigan Athletic v Chelsea, Manchester City v West Ham; Monday, 25
August 2008: Portsmouth v Manchester United; Saturday, 30 August 2008: Bolton v West Bromwich, Everton v Portsmouth, Hull City v Wigan Athletic, Middlesbrough v Stoke City, Sunderland v
Manchester City, West Ham v Blackburn, Arsenal v Newcastle; Sunday, 31 August 2008: Chelsea v Tottenham Hotspur, Aston Villa v Liverpool; Saturday, 13 September 2008: Liverpool v
Manchester United, Blackburn v Arsenal, Fulham v Bolton, Manchester City v Chelsea, Newcastle v Hull City, Portsmouth v Middlesbrough, West Bromwich v West Ham, Wigan Athletic v
Sunderland; Sunday, 14 September 2008: Stoke City v Everton; Monday, 15 September 2008: Tottenham Hotspur v Aston Villa; Saturday, 20 September 2008: Sunderland v Middlesbrough,
Blackburn v Fulham, Liverpool v Stoke City, West Ham v Newcastle, Bolton v Arsenal; Sunday, 21 September 2008: West Bromwich v Aston Villa, Chelsea v Manchester United, Hull City v
Everton, Manchester City v Portsmouth, Tottenham Hotspur v Wigan Athletic; Saturday, 27 September 2008: Everton v Liverpool, Aston Villa v Sunderland, Fulham v West Ham, Manchester
United v Bolton, Middlesbrough v West Bromwich, Newcastle v Blackburn, Stoke City v Chelsea, Arsenal v Hull City; Sunday, 28 September 2008: Portsmouth v Tottenham Hotspur, Wigan
Athletic v Manchester City; Saturday, 04 October 2008: Chelsea v Aston Villa, Manchester City v Liverpool, Sunderland v Arsenal, West Bromwich v Fulham, Wigan Athletic v Middlesbrough,
Blackburn v Manchester United; Sunday, 05 October 2008: West Ham v Bolton, Portsmouth v Stoke City, Tottenham Hotspur v Hull City, Everton v Newcastle; Saturday, 18 October 2008:
Middlesbrough v Chelsea, Arsenal v Everton, Aston Villa v Portsmouth, Bolton v Blackburn, Fulham v Sunderland, Liverpool v Wigan Athletic, Manchester United v West Bromwich; Sunday, 19
October 2008: Hull City v West Ham, Stoke City v Tottenham Hotspur; Monday, 20 October 2008: Newcastle v Manchester City; Saturday, 25 October 2008: Everton v Manchester United,
Sunderland v Newcastle, Manchester City v Stoke City, Portsmouth v Fulham, Tottenham Hotspur v Bolton, West Bromwich v Hull City, Wigan Athletic v Aston Villa, Blackburn v Middlesbrough;
Sunday, 26 October 2008: Chelsea v Liverpool, West Ham v Arsenal; Tuesday, 28 October 2008: Bolton v Everton, Middlesbrough v Manchester City, Stoke City v Sunderland; Wednesday, 29
October 2008: Aston villa v Blackburn, Hull City v Chelsea, Newcastle v West Bromwich, Arsenal v Tottenham Hotspur, Fulham v Wigan Athletic, Liverpool v Portsmouth, Manchester United v
West Ham; Saturday, 18 October 2008: Middlesbrough v Chelsea, Arsenal v Everton, Aston Villa v Portsmouth, Bolton v Blackbum Rovers, Fulham v Sunderland, Liverpool v Wigan Athletic,
Manchester United v West Bromwich Albion; Sunday, 19 October 2008: Hull City v West Ham, Stoke City v Tottenham Hotspur; Monday, 20 October 2008: Newcastle v Manchester City;
Saturday, 25 October 2008 : Everton v Manchester United, Sunderland v Newcastle, Tottenham Hotspur v Bolton, West Bromwich Albion v Hull City, Wigan Athletic v Aston Villa, Blackbur
Rovers v Middlesbrough, Sunday, 26 October 2008: Chelsea v Liverpool, Manchester City v Stoke City, West Ham v Arsenal; Tuesday, 28 October 2008: Newcastle v West Bromwich Albion,
Bolton v Everton; Wednesday, 29 October 2008: Aston Villa v Blackburn Rovers, Hull City v Chelsea, Arsenal v Tottenham Hotspur, Fulham v Wigan Athletic, Liverpool v Portsmouth, Manchester
United v West Ham, Middlesbrough v Manchester City, Stoke City v Sunderland; Saturday, 1 November 2008: Everton v Fulham, Chelsea v Sunderland,Manchester United v Hull City,
Middlesbrough v West Ham, Portsmouth v Wigan Athletic, Stoke City v Arsenal, West Bromwich Albion v Blackburn Rovers, Tottenham Hotspur v Liverpool; Sunday, 2 November 2008: Bolton v
Manchester City; Monday, 3 November 2008: Newcastle v Aston Villa; Saturday, 8 November 2008: Arsenal v Manchester United, Wigan Athletic v Stoke City, Aston Villa v Middlesbrough, Hull
City v Bolton, Manchester City v Tottenham Hotspur, Sunderland v Portsmouth, West Ham v Everton, Liverpool v West Bromwich Albion; Sunday, 9 November 2008: Blackburn Rovers v Chelsea,
Fulham v Newcastle; Saturday, 15 November 2008: Bolton v Liverpool, Arsenal v Aston Villa, Blackburn Rovers v Sunderland, Fulham v Tottenham Hotspur, Manchester United v Stoke City,
Newcastle v Wigan Athletic, West Ham v Portsmouth; Sunday, 16 November 2008: Everton v Middlesbrough, Hull City v Manchester City, Saturday, 22 November 2008: Chelsea v Newcastle,
Liverpool v Fulham, Manchester City v Arsenal, Middlesbrough v Bolton, Portsmouth v Hull City, Stoke City v West Bromwich Albion, Aston Villa v Manchester United; Sunday, 23 November
2008: Tottenham Hotspur v Blackburn Rovers, Sunderland v West Ham; Monday, 24 November 2008: Wigan Athletic v Everton, Saturday, 29 November 2008: Aston Villa v Fulham,
Middlesbrough v Newcastle, Stoke v Hull, Sunderland v Bolton, Wigan v West Brom, Sunday, 30 November 2008: Manchester City v Manchester United, Portsmouth v Blackburn, Tottenham v
Everton, Chelsea v Arsenal, Monday, 1 December 2008: Liverpool v West Ham, Saturday, 6 December 2008: Fulham v Manchester City, Arsenal v Wigan, Blackbur v Liverpool, Bolton v
Chelsea, Hull v Middlesbrough, Newcastle v Stoke, Manchester United v Sunderland, Sunday, 7 December 2008: West Brom v Portsmouth, Everton v Aston Villa, Monday, 8 December 2008:
West Ham v Tottenham, Saturday, 13 December 2008: Middlesbrough v Arsenal, Aston Villa v Bolton, Liverpool v Hull, Manchester City v Everton, Stoke v Fulham, Wigan v Blackbum,
Tottenham v Manchester United, Sunday, 14 December 2008: Portsmouth v Newcastle, Chelsea v West Ham, Saturday, 20 December 2008: Blackburn v Stoke, Bolton v Portsmouth, Fulham v
Middlesbrough, Hull v Sunderland, West Ham v Aston Villa, Sunday, 21 December 2008: West Brom v Manchester City, Newcastle v Tottenham, Arsenal v Liverpool, Monday, 22 December
2008: Everton v Chelsea, Friday, 26 December 2008: Stoke v Manchester United, Chelsea v West Brom, Portsmouth v West Ham, Tottenham v Fulham, Liverpool v Bolton, Manchester City v
Hull, Middlesbrough v Everton, Sunderland v Blackburn, Wigan v Newcastle, Aston Villa v Arsenal, Sunday, 28 December 2008: Newcastle v Liverpool, Arsenal v Portsmouth, Bolton v Wigan,
Everton v Sunderland, Fulham v Chelsea, West Brom v Tottenham, West Ham v Stoke, Blackburn v Manchester City, Monday, 29 December 2008: Manchester United v Middlesbrough, Tuesday,
30 December 2008: Hull v Aston Villa, Please note: Fixtures above have been computed by us based on foreign newspapers publications. Fixtures are subject to change or maybe corrected.
We are not responsible for any corrections or changes as the above are only indications FA Cup: Wednesday, 27 February 2008: Middlesbrough v Sheffield United; Saturday, 08 March 2008:
Barnsley v Chelsea, Manchester United v Portsmouth; Sunday, 09 March 2008: Bristol Rovers v West Bromwich, Sheffield United/ Middlesbrough v Cardiff BUNDESLIGA TEAMS (GERMANY)
Arminia, Bayern, Bremen, Bochum, Dortmund, Duisburg, Eintracht, Energie, Hamburg, Hannover, Hansa, Hertha, Karlsruhe, Leverkusen, Numberg, Mainz, Schalke, Stuttgart, Wolfsburg
SCOTTISH PREMIER LEAGUE ,Aberdeen , Celtic, Dundee United,FalkirkGretna, Hearts, Hibernian, Invemess CT, Kilmamock, Motherwell, Rangers, St Mirren PRIMERA DIVISION (SPAIN)
Athletic De Bilbao, Atlico Madrid, Betis, CA Osasuna Pamplona, Deportivo La Coruna, Espanyol Barcelona, FC Barcelona, FC Sevilla, Getafe, Racing Club Santander, RCD Mallorca, Real Betis
Sevilla, Real Madrid, Real Murcia, Real Valladolid, Real Zaragoza, Recreativo Huelva, UD Almeria, UD Levante Valencia, Valencia CF, Villarreal CF SERIE A / CALCIO (ITALY) Atalanta, Cagliari,
Calcio Catania, Empoli, Fiorentina, Genoa, Inter Milan Milano, Yuventus, Lazio, AS Livomo, Milan AC, Napoli, Palermo, Parma, Reggina, Roma, Sampdoria, Siena, Torino, Udinese LIGUE 1
(FRANCE) Auxerre, Bordeaux, Le Mans, Lens, Lille, Lorient, Lyon, Marseille, Metz, Monaco, Nancy, Nice, PSG, Rennes, Sochaux, St-Etienne, Caen, Strasbourg, Toulouse, Valenciennes
Champions League / UEFA Cup Teams and Fixtures Group A: Liverpool FC, FC Porto, Olympique de Marseille, Besiktas; Group B: Chelsea FC, Valencia CF, FC Schalke, Rosenborg 8K; Group C:
Real Madrid CF, Werder Bremen, S.S. Lazio, Olympiacos; Group D: AC Milan, SL Benfica, Celtic FC, FC Shakthar Donetsk; Group E: FC Barcelona, Olympique Lyonnais, Vfb Stuttgart, Rangers
FC; Group F: Manchester United FC, AS Roma, Sporting Clube de Portugal, FC Dynamo Kyiv (Kiev); Group G: FC Milano, PSV Eindhoven, CSKA Moscow, Fenerbahce, Group H: Arsenal FC,
Sevilla FC/ AEK Athens, Steaua Bucarest, Slavia Praha :Champions LeagueTuesday, 26 August 2008: Artmedia Petrzalka OFF Guimaraes, Panathinaikos v Sparta Prague, Wednesday, 27 August
2008: Arsenal v FC Twente, Artmedia Petrzalka v Juventus, Atletico Madrid v Schalke 04, Basle v Guimaraes, BATE v Levski Sofia, Dinamo Zagreb v Shakhtar Donetsk, Dynamo Kiev v Spartak
Moscow, Fenerbahce v Partizan Belgrade, Liverpool v Standard Liege, Marseille v SK Brann, Olympiacos v Anorthosis Famagusta, Slavia Prague v Fiorentina, Steaua Bucuresti v Galatasaray,
Wisla Krakow v Barcelona, Tuesday 16 September 2008: Chelsea v Bordeaux, Roma v CFR Cluj, Panathinaikos v Inter Milan, Werder Bremen v Anorthosis Famagusta, Barcelona v Sporting
Lisbon, Basle v Shakhtar Donetsk, Marseille v Liverpool, PSV v Atletico Madrid; Wednesday 17 September: Sunderland v Liverpool, Celtic v Aalborg, Manchester United v Villarreal, Lyon v
Fiorentina, Steaua Bucuresti v Bayern Munich, Dynamo Kiev v Arsenal, Porto v Fenerbahce, Juventus v Zenit St Petersburg, Real Madrid v BATE; Tuesday, 30 September 2008: Aalborg v Man
United,rsenal v Porto, BATE v Juventus, Bayern Munich v Lyon, Fenerbahce v Dynamo Kiey, Fiorentina v Steaua Bucarest, Villarreal v Celtic, Zenit St Petersburg v Real Madrid; CSKA Moscow v
NK Slaven Koprivnica, St Patricks v Hertha Berlin; Wednesday, 1 October 2008: Anorthosis Famagusta v Panathinaikos, Atletico Madrid v Marseille, Bordeaux v Roma, CFR Cluj v Chelsea,nter
Milan v Werder Bremen, Liverpool v PSV, Shakhtar Donetsk v Barcelona, Sporting Club Portugal v Basle; Tuesday, 21 October 2008: Bayern Munich v Fiorentina, Porto v Dynamo Kiev,
Fenerbahce v Arsenal, Juventus v Real Madrid, Manchester United v Celtic, Steaua Bucarest v Lyon, Villarreal v Aalborg, Zenit St Petersburg v BATE; Wednesday, 22 October 2008: Atletico
Madrid v Liverpool, Basle v Barcelona, Bordeaux v CFR Cluj, Chelsea v Roma, Inter Milan v Famagusta, Panathinaikos v Werder Bremen, PSV v Marseille, Shakhtar Donetsk v Sporting, Tuesday,
4 November 2008: Famagusta v Inter Milan, Barcelona v Basle, CFR Cluj v Bordeaux, Liverpool v Atletico Madrid, Marseille v PSV, Roma v Chelsea, Sporting v Shakhtar Donetsk, Werder Bremen
v Panathinaikos, Wednesday, 5 November 2008: Aalborg v Villarreal, Arsenal v Fenerbahce, BATE v Zenit St Petersburg, Celtic v Manchester United, Dynamo Kiev v Porto, Fiorentina v Bayern
Munich, Lyon v Steaua Bucarest, Real Madrid v Juventus; UEFA Cup: Tuesday, 26 August 2008: Nordsjaelland v Queen of South, Lokomotiv Sofia v Borac Cacak; Thursday, 28 August 2008:
Aston Villa v FH Hafnarfjordur, Bellinzona v Dnipro, Besiktas v Siroki Brijeg, Brondby v FC Haka, Cherno More v Maccabi Netanya, Crvena Zvezda v Apoel Nicosia, Debrecen v Young Boys,
Midtjylland v Manchester City, FC Moscow v Legia Warsaw, FH Hafnarfjordur OFF Aston Villa, Hertha Berlin v Interblock, Lillestrom v FC Copenhagen, MSK Zilina v Liberec, Napoli v Vllaznia
Shkoder, NK Slaven Koptivnica v Aris Salonika, Omonia Nicosia v AEK Athens, St Patricks v IF Elfsborg, SV Red Bull Salzburg v FK Suduva, Viking FK v FC Honka, Zrinjski Mostar v Braga,
Thursday 18 September 2008: PFK Litex Lovech v Aston Villa, NK Slaven Koprivnica v CSKA Moscow, Nancy v Motherwel, Portsmouth v Vitoria Guimaraes, Feyenoord v Kalmar, Besiktas v
Metalist Kharkiv, Austria Wien v Lech Poznan, NEC v Dinamo Bucharest, Kayserispor v PSG, Borussia Dortmund v Udinese, AC Milan v Zurich, Dinamo Zagreb v Sparta Prague, Bellinzona v
Galatasaray, Stade Rennes v FC Twente, Napoli v Benfica Lisbon, Tottenham Hotspur v Wisla Krakow, Everton v Standard de Liege; Thursday, 2 October 2008: Ajax Amsterdam v Borac Cacak,
Artmedia Petrzalka v Sporting Clube de Braga, Aston Villa v Litex Lovech, Club Brugge v Young Boys, Copenhagen v FC Moscow, Dinamo Bucarest v NEC Nijmegen, Honka v Real Racing Club de
Santander, Metalist Kharkiv v Besiktas, Rapid Bucarest v Wolfsburg, Twente v Rennes, Vaslui v Slavia Prague, FC Zurich v AC Milan, Galatasaray v Bellinzona, Guimaraes v Portsmouth, Kalmar v
Feyenoord, Beisbolo Klubas v Sampdoria, Lech Poznan v FK Austria Vienna, Levski Sofia v MSK Zilina, Manchester City v Omonia Nicosia, Motherwell v AS Nancy, Olympiacos v FC
Nordsjaelland, PSG v Kayserispor, Deportivo de La Coruna v SK Brann, Rosenborg v Brondby, Saint Etienne v Hapoel Tel-Aviv, Heerenveen v Vitoria, Schalke v Apoel Nicosia, Sparta Prague v
Dinamo Zagreb, Spartak Moscow v Banik Ostrava, Benfica v Napoli, Standard Liege v Everton, Red Bull Salzburg v Sevilla, Udinese v Borussia Dortmund, Unirea Urziceni v Hamburg, Valencia v
Maritimo, VfB Stuttgart v Cherno More Varna, Wisla Krakow v Tottenham; Thursday 23 October 2008: CSKA Moscow v Deportivo la Coruna, Schalke v PSG, Udinese v Tottenham Hotspur,
Twente v Racing Santander, Galatasaray v Olympiacos Piraeus, Hertha Berlin v Benfica Lisbon, Kobenhavn v Saint-Etienne, Nancy v Feyenoord, Heerenveen v AC Milan, Sporting Braga v
Portsmouth, Aston Villa v Ajax; Thursday 6 November 2008: Metalist Kharkiv v Hertha Berlin, Stuttgart v Partizan Belgrade, Spartak Moscow v Udinese, Poznan v Nancy, Feyenoord v CSKA
Moscow, Wolfsburg v Heerenveen, Benfica v Galatasaray, Manchester City v Twente, Racing Santander v Schalke, Liege v Sevilla, AC Milan v Sporting Braga, Ajax v Zilina, Slavia Prague v Aston
Villa, Saint-Etienne v Rosenborg, Tottenham Hotspur v Dinamo Zagreb, Valencia v Kobenhavn; Thursday, 27 November 2008: Braga v Wolfsburg, Club Brugge v St Etienne, CSKA Moscow v
Lech Poznan, Deportivo La Coruna v Feyenoord, Dinamo Zagreb v Spartak Moscow, Galatasaray v FC Metalist, Hamburg v Ajax, Zilina v Slavia Prague, NEC v Tottenham, Olympiacos v Benfica,
Partizan Belgrade v Standard Liege, Portsmouth v AC Milan, PSG v Racing Santander, Rosenborg v Valencia, Sampdoria v Stuttgart, Schalke v Manchester City, Wednesday, 3 December 2008:
Metalist Kharkiv v Olympiacos, Twente v Schalke, Hertha Berlin v Galatasaray, Manchester City v PSG, Sevilla v Partizan Belgrade, Spartak Moscow v NEC, Standard Liege v Sampdoria, Udinese
v Dinamo Zagreb, Thursday, 4 December 2008: Nancy v CSKA Moscow, Aston Villa v Zilina, Copenhagen v Rosenborg, Heerenveen v Braga, Lech Poznan v Deportivo La Coruna, Slavia Prague v
Hamburg, Valencia v Club Brugge, Wolfsburg v Portsmouth, Wednesday, 17 December 2008: AC Milan v Wolfsburg, Ajax v Slavia Prague, Club Brugge v Copenhagen, Deportivo La Coruna v
Nancy, Feyenoord v Lech Poznan, Hamburg v Aston Villa, Portsmouth v Heerenveen, St Etienne v Valencia, Thursday, 18 December 2008: Benfica v Metalist, NEC v Udinese, Olympiacos v
Hertha Berlin, PSG v Twente, Racing Santander v Manchester City, Sampdoria v Sevilla, Tottenham v Spartak Moscow, Stuttgart v Standard Liege World Cup 2010 Qualifications and Friendlies
@ Scotland v Norway, Finland v Arzerbaijan, Faroe Islands v Austria, England v Kazakhstan, Wales v Liechtenstein, Georgia v Cyprus, Ukraine v Croatia, Hungary v Albania, Denmark v Malta,
Sweden v Portugal, Turkey v Bosnia, Luxembourg v Israel, Bulgaria v Italy, Poland v Czech Republic, Slovenia v Northern Ireland, Romania v France, Holland v Iceland, Germany v Russia,
Estonia v Spain, Bolivia v Peru, Argentina v Uruguay, USA v Cuba, Colombia v Paraguay, Jamaica v Mexico, Honduras v Canada, Guatemala v Trinidad, Austria v Serbia, Belarus v England,
Belgium v Spain, Bosnia-Herzegovina v Armenia, Croatia v Andorra, Czech Republic v Slovenia, Estonia v Turkey, Georgia v Bulgaria, Germany v Wales, Greece v Switzerland, Iceland v FYR
Macedonia, Italy v Montenegro, Latvia v Israel, Lithuania v Faroe Islands, Luxembourg v Moldova, Malta v Hungary, Northern Ireland v San Marino, Norway v Holland, Portugal v Albania, Rep of
Ireland v Cyprus, Russia v Finland, Slovakia v Poland, Australia v Qatar, Paraguay v Peru; Chile v Argentina, Brazil v Colombia, Venezuela v Ecuador; Wedneday 19 November 2008: Bahrain v
Australia, U.A.E. v Iran, Qatar v Japan, Saudi Arabia v South Korea, Denmark v Wales, Germany v England, Northern Ireland v Hungary; Austria v Turkey, Bahrain v Australia, Brazil v Portugal,
Colombia v Nigeria, Cyprus v Belarus, Denmark v Wales, France v Uruguay, Greece v Italy, Holland v Sweden, Rep of Ireland v Poland, Romania v Georgia, Scotland v Argentina, Serbia v
Bulgaria, South Africa v Cameroon, Spain v Chile, Switzerland v Finland, Ukraine v Norway; GHANA CAN 2008 Group A: Ghana, Morocco, Guinea, Namibia; Group B: Nigeria, Ivory Coast ,
Mali, Benin; Group C: Egypt, Cameroon, Zambia, Sudan, Group D: Tunisia, Senegal , South Africa, Angola, Quarter-finals: 03/02/08: 1. Group A winners v Group B runners-up (Accra), 2.
Group B winners v Group A runners-up (Sekondi); 04/02/08: 3. Group C winners v Group D runners-up (Kumasi), 4. Group D winners v Group C runners-up (Tamale) Semi-finals: 07/02/08:
Winner quarter-final 1 v Winner quarter-final 4 (Accra), Winner quarter-final 2 v Winner quarter-final 3 (Kumasi) Third place play-off: 09/02/08 (Accra) Final: 10/02/08 (Accra) Kuala Lumpur
World Futsal 2008 Group A: Argentina, Malaysia, England, Australia, Indonesia Group 8: Holland, Thailand, Brazil, China, Iran Rugby World Cup 2007 fixtures Pool A: England, South Africa,
Samoa, USA, Tonga. Pool B: Australia, Wales, Fiji, Canada, Japan. Pool C: New Zealand, Scotland, Italy, Romania, Portugal. Pool D: France, Ireland, Argentina, Georgia, Namibia 7 September
France v Argentina, 8 September: England v USA, Australia v Japan, Lyon, New Zealand v Italy, 9 September: Ireland v Namibia, Wales v Canada, South Africa v Samoa, Scotland v Portugal;
11 September: Argentina v Georgia; 12 September: Italy v Romania, USA v Tonga, Japan v Fiji; 14 September: England v South Africa; 15 September: Ireland v Georgia, Wales v Australia,
New Zealand v Portugal; 16 September: Fiji v Canada, Samoa v Tonga, France v Namibia; 18 September: Scotland v Romania; 19 September: Italy v Portugal; 20 September: Wales v Japan;
21 September: France v Ireland; 22 September: South Africa v Tonga, Argentina v Namibia, England v Samoa; 23 September: Scotland v New Zealand, Australia v Fiji; 25 September: Canada
v Japan, Romania v Portugal; 26 September: Georgia v Namibia, Samoa v USA; 28 September: England v Tonga; 29 September: Australia v Canada, Wales v Fiji, New Zealand v Romania; 30
September: France v Georgia, South Africa v USA, Ireland v Argentina; 6 October: Quater Final 1: Australia v England, Quater Final 2: New Zealand v France; 7 October: Quater Final 3: South
Africa v Fiji, Quater Final 4: Argentina v Scotland; 13 October: SemiFinal1; 14 October: SemiFinal2; 19 October: 3rd place play-off, Parc des Princes; 20 October: Final, Stade de France (2000
BST) Copa America Group A: Uruguay v Peru , Venezuela v Bolivia; Bolivia v Uruguay Venezuela v Peru Peru v Bolivia, Venezuela v Uruguay Group B: Ecuador v Chile , Brasil v Mexico, Brasil
v Chile , Mexico v Ecuador Mexico v Chile, Brasil v Ecuador Group C: Paraguay v Colombia/Columbia , Argentina v Estados Unidos/USA, USA v Paraguay, Argentina v Colombia/Columbia,
Colombia/Columbia v USA, Argentina v Paraguay Final Copa America : Brazil v Argentina CONCAF GOLD Cup 2007 Group A: Costa Rica (CRC), Haiti (HAI), Canada (CAN), Guadeloupe (GLP);
Group B: USA, Trin-Tob. (TRI), Guatemala (GUA), El Salvador (SLV); Group C: Mexico (MEX), Panama (PAN), Honduras (HON), Cuba (CUB) The Cricket World Cup 2007 Australia, Bangladesh,
Bermuda, Canada, England, Kenya, India, Ireland, New Zeland, Pakistan, Scotland, South Africa, Sri Lanka, The Netherlands, West Indies, Zimbabwe FIFA U20 World Cup Canada 2007 Teams
 GroupA: Canada, Austria, Chile, Congo; Group B: Spain, Uruguay, Zambia, Jordan; Group C: Mexico, Portugal, Gambia, New Zeland ; Group D: Brazil, Korea Republic, Poland, USA; Group E:
Argentina, Czech Republic, Korea DPR, Panama; Group F: Costa Rica, Japan, Nigeria, Scotland; AFC (Asian Cup 2007) Group A: Iraq, Oman, Thailand; Group B: Japan, Qatar, UAE, Vietnam;
Group C: China, Iran, Malaysia, Uzbekistan; Group D: Bahrain, Indonesia, Korea Republic, Saudi Arabia EURO 2008 (European Championships) Teams and Fixtures Group A: Switzerland,
Czech Republic, Portugal, Turkey. Group B: Austria, Croatia, Germany, Poland. Group C: Netherlands, Italy, Romania, France. Group D: Greece, Sweden, Spain, Russia Saturday, 07 June 2008:
(Group A) Switzerland v Czech Republic 17:00, Portugal v Turkey 19:45; Sunday, 08 June 2008: (Group B) Austria v Croatia 17:00, Germany v Poland 19:45; Monday, 09 June 2008: (Group C)
Romania v France 17:00, Holland v Italy 19:45; Tuesday, 10 June 2008: (Group D) Spain v Russia 17:00, Greece v Sweden 19:45; Wednesday, 11 June 2008: (Group A) Czech Republic v
Portugal 17:00, Switzerland v Turkey 19:45; Thursday, 12 June 2008: (Group B) Croatia v Germany 17:00, Austria v Poland 19:45; Friday, 13 June 2008: (Group C) Italy v Romania 17:00,
Holland v France 19:45; Saturday, 14 June 2008: (Group D) Sweden v Spain 17:00, Greece v Russia 19:45; Sunday, 15 June 2008: (Group A) Switzerland v Portugal 19:45, Turkey v Czech
Republic 19:45; Monday, 16 June 2008: (Group B) Austria v Germany 19:45, Poland v Croatia 19:45; Tuesday, 17 June 2008: (Group C) France v Italy 19:45, Holland v Romania 19:45;
Wednesday, 18 June 2008: (Group D) Greece v Spain 19:45, Russia v Sweden 19:45; Thursday, 19 June 2008: Portugal v Germany, Quarter Final (Euro 2008), 19:45; Friday, 20 June 2008:
Croatia v Turkey, Quarter Final (Euro 2008), 19:45; Saturday, 21 June 2008: Holland (Netherlands) v Russia, Quarter Final (Euro 2008), 19:45; Sunday, 22 June 2008: Spain v Italy, Quarter
Final (Euro 2008), 19:45; Wednesday, 25 June 2008: Germany v Turkey, Semi-Final (Euro 2008), Thursday, 26 June 2008: Russia v Spain, Semi-Final (Euro 2008), 19:45; Sunday, 29 June
2008: Germany v Spain, Final, 19:45. Euro 2008 champions: !!! SPAIN !!! Match